상호명,도로명주소,상권업종대분류명,상권업종중분류명,상권업종소분류명,표준산업분류명,행정동명,경도,위도
Bloom,"서울특별시 동작구 흑석로 97-1, (흑석동)",음식,양식,정통양식/경양식,서양식 음식점업,흑석동,126.96036975715201,37.507649385339604
중앙대학교법학관식당,"서울특별시 동작구 흑석로 84, (흑석동)",음식,기타음식업,구내식당/자급식음식점,기관구내식당업,흑석동,126.953838046904,37.5047984647821
쉬어가는모퉁이커피한잔,"서울특별시 동작구 상도로55길 1, (상도동)",음식,커피점/카페,커피전문점/카페/다방,비알콜 음료점업,상도1동,126.95341217171499,37.4972258775655
손칼국수,"서울특별시 동작구 사당로 32, (상도동)",음식,분식,국수/만두/칼국수,분식 및 김밥 전문점,상도1동,126.957831612103,37.4949582603648
김가네,"서울특별시 동작구 서달로14길 25, (흑석동)",음식,분식,라면김밥분식,분식 및 김밥 전문점,흑석동,126.96440555827299,37.507801974104794
중앙대학교학생식당,"서울특별시 동작구 흑석로 84, (흑석동)",음식,기타음식업,구내식당/자급식음식점,기관구내식당업,흑석동,126.953838046904,37.5047984647821
청운음식점,"서울특별시 동작구 상도로67길 32, (상도동)",음식,한식,한식/백반/한정식,한식 음식점업,상도1동,126.95663278110001,37.494965699188
만복국수집숭실대역점,"서울특별시 동작구 상도로67길 21, (상도동)",음식,분식,국수/만두/칼국수,분식 및 김밥 전문점,상도1동,126.956322067768,37.49453946076879
페스티벌앤쇼랜드,"서울특별시 동작구 상도로 380, (상도동)",음식,한식,한식/백반/한정식,한식 음식점업,상도1동,126.954484634664,37.494928685865
중앙대학교창업센타식당,"서울특별시 동작구 흑석로 84, (흑석동)",음식,기타음식업,구내식당/자급식음식점,기관구내식당업,흑석동,126.953838046904,37.5047984647821
중앙대학교교직원식당,"서울특별시 동작구 흑석로 84, (흑석동)",음식,기타음식업,구내식당/자급식음식점,기관구내식당업,흑석동,126.953838046904,37.5047984647821
카페숨,"서울특별시 동작구 상도로 329, (상도동)",음식,커피점/카페,커피전문점/카페/다방,비알콜 음료점업,상도1동,126.95169108116899,37.4989946951539
엄마손백반,"서울특별시 동작구 상도로60길 10, (상도동)",음식,한식,한식/백반/한정식,한식 음식점업,상도1동,126.954098677785,37.4942224500936
피자헛,"서울특별시 동작구 상도로 286, (상도1동)",음식,패스트푸드,피자전문,"피자, 햄버거, 샌드위치 및 유사 음식점업",상도1동,126.948336786922,37.5018932898497
무한리필밥집,서울특별시 동작구 서달로 102,음식,한식,한식/백반/한정식,한식 음식점업,흑석동,126.96070044071699,37.502561366878
교촌치킨,"서울특별시 동작구 흑석로 5, (상도1동)",음식,닭/오리요리,후라이드/양념치킨,치킨 전문점,상도1동,126.95128036144101,37.5049109419025
피쉬앤그릴,"서울특별시 동작구 흑석로9길 5, (흑석동)",음식,유흥주점,소주방/포장마차,기타 주점업,흑석동,126.95979460880301,37.507527185387104
아재포치,"서울특별시 동작구 흑석로9길 12, (흑석동)",음식,유흥주점,호프/맥주,기타 주점업,흑석동,126.95954217852899,37.5077862662726
중앙돼지마을,"서울특별시 동작구 흑석로 85-9, (흑석동)",음식,한식,갈비/삼겹살,한식 음식점업,흑석동,126.95933005338699,37.5075861668235
둘둘치킨중앙대점,"서울특별시 동작구 흑석로 111, (흑석동)",음식,닭/오리요리,후라이드/양념치킨,치킨 전문점,흑석동,126.961114618818,37.508584019278295
송가네분식,"서울특별시 동작구 상도로47길 11, (상도1동)",음식,분식,라면김밥분식,분식 및 김밥 전문점,상도1동,126.951440889782,37.4999025345455
놀자,"서울특별시 동작구 상도로 329, (상도동)",음식,커피점/카페,커피전문점/카페/다방,비알콜 음료점업,상도1동,126.95169108116899,37.4989946951539
하꼬멘,"서울특별시 동작구 흑석로9길 15, (흑석동)",음식,일식/수산물,음식점-일식,일식 음식점업,흑석동,126.959226893968,37.50768437327661
굿베이커리,"서울특별시 동작구 서달로 162, (흑석동)",음식,제과제빵떡케익,제과점,제과점업,흑석동,126.96242829779499,37.507649464778
압구정봉구비어,"서울특별시 동작구 흑석로 115, (흑석동)",음식,유흥주점,호프/맥주,기타 주점업,흑석동,126.961428287068,37.5088030293919
피자스쿨,"서울특별시 동작구 상도로 357, (상도동, 강남상가)",음식,패스트푸드,피자전문,"피자, 햄버거, 샌드위치 및 유사 음식점업",상도1동,126.95349547457,37.49692926908371
광양불고기,"서울특별시 동작구 상도로56길 4, (상도동)",음식,한식,갈비/삼겹살,한식 음식점업,상도1동,126.952713753435,37.4962195223416
두레박,"서울특별시 동작구 서달로14길 22, (흑석동)",음식,한식,한식/백반/한정식,한식 음식점업,흑석동,126.96414594179899,37.5077636556936
국수마당,"서울특별시 동작구 서달로14나길 22, (흑석동)",음식,분식,라면김밥분식,분식 및 김밥 전문점,흑석동,126.963145892712,37.5072863358983
풍년집정육식당,"서울특별시 동작구 상도로 306, (상도동)",음식,한식,기타고기요리,한식 음식점업,상도1동,126.949555291757,37.500489484887204
카페라,"서울특별시 동작구 상도로49길 7, A동  (상도동, 동원베스트타운)",음식,커피점/카페,커피전문점/카페/다방,비알콜 음료점업,상도1동,126.95197126156401,37.4991773911442
상도곱창,"서울특별시 동작구 상도로 357, (상도동, 강남상가)",음식,한식,곱창/양구이전문,한식 음식점업,상도1동,126.95349547457,37.49692926908371
수미락,"서울특별시 동작구 현충로 96-1, (흑석동)",음식,한식,한식/백반/한정식,한식 음식점업,흑석동,126.964336582062,37.5078824637676
엠,"서울특별시 동작구 서달로15길 17, (흑석동)",음식,유흥주점,룸살롱/단란주점,일반유흥 주점업,흑석동,126.962145149424,37.5084939632544
29.5,"서울특별시 동작구 상도로61길 8-5, (상도동)",음식,커피점/카페,커피전문점/카페/다방,비알콜 음료점업,상도1동,126.955556699972,37.4950913477226
BHC치킨,"서울특별시 동작구 흑석로 79, (흑석동)",음식,닭/오리요리,후라이드/양념치킨,치킨 전문점,흑석동,126.958410454489,37.507019410994786
구구팔팔,"서울특별시 동작구 흑석로7길 7, (흑석동)",음식,유흥주점,호프/맥주,기타 주점업,흑석동,126.958035372991,37.5071512602155
상도치킨호프,"서울특별시 동작구 흑석로 4, (상도1동)",음식,유흥주점,호프/맥주,기타 주점업,상도1동,126.951159241319,37.5046755938561
종로떡집,"서울특별시 동작구 상도로37길 65, (상도동)",음식,제과제빵떡케익,떡전문,제과점업,상도1동,126.952534288097,37.498542639736
빈털털이,"서울특별시 동작구 상도로63길 21, (상도동)",음식,분식,라면김밥분식,분식 및 김밥 전문점,상도1동,126.956591312029,37.494695017763796
영광족발,"서울특별시 동작구 서달로12길 13, (흑석동)",음식,한식,족발/보쌈전문,한식 음식점업,흑석동,126.96253918366502,37.50699267291471
엉터리생고기숭실대점,"서울특별시 동작구 상도로37길 66, (상도동)",음식,한식,갈비/삼겹살,한식 음식점업,상도1동,126.952343061028,37.4984688599681
중대양곱창,"서울특별시 동작구 상도로41마길 1, (상도1동)",음식,한식,곱창/양구이전문,한식 음식점업,상도1동,126.950396423221,37.5042273042724
스프링,"서울특별시 동작구 상도로60길 1, (상도동)",음식,양식,정통양식/경양식,서양식 음식점업,상도1동,126.95437118435,37.4949547132455
커피하우스B,"서울특별시 동작구 흑석로 23, (상도동)",음식,한식,한식/백반/한정식,한식 음식점업,상도1동,126.95329107194999,37.5050909652526
시골밥상,"서울특별시 동작구 상도로47길 7, (상도1동)",음식,한식,한식/백반/한정식,한식 음식점업,상도1동,126.951373797233,37.4998478760149
강남떡집,"서울특별시 동작구 상도로47길 16, (상도동)",음식,제과제빵떡케익,떡전문,제과점업,상도1동,126.951790810775,37.499950692581
피쉬앤그릴,"서울특별시 동작구 양녕로 265, (상도1동)",음식,유흥주점,소주방/포장마차,기타 주점업,상도1동,126.94823184584601,37.5037304948692
제3공간,"서울특별시 동작구 흑석로6길 16, (흑석동)",음식,양식,정통양식/경양식,서양식 음식점업,흑석동,126.95675149048999,37.5059415328578
웨스트코스트,"서울특별시 동작구 상도로61길 38, (상도동)",음식,유흥주점,호프/맥주,기타 주점업,상도1동,126.95691834720199,37.494760979386
중앙,"서울특별시 동작구 서달로 153, (흑석동)",음식,커피점/카페,커피전문점/카페/다방,비알콜 음료점업,흑석동,126.961564096934,37.507164314388106
골목길,서울특별시 동작구 현충로 66,음식,한식,한식/백반/한정식,한식 음식점업,흑석동,126.96209957699,37.5101514925643
모아김밥,"서울특별시 동작구 서달로 159, (흑석동)",음식,한식,냉면집,한식 음식점업,흑석동,126.96206577665899,37.5076913322419
전주콩나물해장국전문,"서울특별시 동작구 흑석로 21, (상도동)",음식,한식,해장국/감자탕,한식 음식점업,상도1동,126.95307632913,37.5050800516722
고기먹으러,"서울특별시 동작구 흑석로8길 3, (흑석동)",음식,한식,한식/백반/한정식,한식 음식점업,흑석동,126.95964340609501,37.5070122558652
비온후,"서울특별시 동작구 현충로 119, (흑석동, 명수대현대아파트)",음식,커피점/카페,커피전문점/카페/다방,비알콜 음료점업,흑석동,126.966036835557,37.507618034040796
피자스쿨,"서울특별시 동작구 현충로 119, (흑석동, 명수대현대아파트)",음식,패스트푸드,피자전문,"피자, 햄버거, 샌드위치 및 유사 음식점업",흑석동,126.966036835557,37.507618034040796
윤정즉석김밥,"서울특별시 동작구 서달로 136, (흑석동)",음식,분식,라면김밥분식,분식 및 김밥 전문점,흑석동,126.961143638064,37.5056738861433
현주네김밥,"서울특별시 동작구 서달로12가길 7, (흑석동)",음식,분식,라면김밥분식,분식 및 김밥 전문점,흑석동,126.962681875431,37.50648933855621
녹차먹은토스토,"서울특별시 동작구 흑석로 97, (흑석동)",음식,패스트푸드,토스트전문,"피자, 햄버거, 샌드위치 및 유사 음식점업",흑석동,126.960313460628,37.507630868851294
이디야커피,"서울특별시 동작구 상도로 277, (상도1동)",음식,커피점/카페,커피전문점/카페/다방,비알콜 음료점업,상도1동,126.94832402333599,37.5028032354817
가마로강정,"서울특별시 동작구 상도로 283, (상도1동)",음식,닭/오리요리,후라이드/양념치킨,치킨 전문점,상도1동,126.948670227049,37.502310740455606
박서방네,"서울특별시 동작구 흑석로13길 4-1, (흑석동)",음식,한식,한식/백반/한정식,한식 음식점업,흑석동,126.961189040319,37.5089270723566
코코스호프,"서울특별시 동작구 흑석로 24, (상도동)",음식,유흥주점,호프/맥주,기타 주점업,상도1동,126.95322661518499,37.5048471109003
숭실골고기마을,"서울특별시 동작구 상도로61길 55, (상도동)",음식,한식,한식/백반/한정식,한식 음식점업,상도1동,126.957935882073,37.494778970067394
양평감자탕,"서울특별시 동작구 서달로15길 16, (흑석동)",음식,한식,해장국/감자탕,한식 음식점업,흑석동,126.96234747185801,37.508585845696295
광포차,"서울특별시 동작구 흑석로 115, (흑석동)",음식,유흥주점,소주방/포장마차,기타 주점업,흑석동,126.961428287068,37.5088030293919
제이엠,"서울특별시 동작구 사당로 12-1, (상도동)",음식,한식,한식/백반/한정식,한식 음식점업,상도1동,126.95580295343001,37.4952737347442
닥터로빈흑석점,"서울특별시 동작구 현충로 124, (흑석동)",음식,양식,정통양식/경양식,서양식 음식점업,흑석동,126.967152333942,37.506285229602796
고깃집,"서울특별시 동작구 서달로14길 46, (흑석동)",음식,한식,한식/백반/한정식,한식 음식점업,흑석동,126.96539767653401,37.507215975697996
리네낙지,"서울특별시 동작구 서달로14라길 8, (흑석동)",음식,일식/수산물,낙지/오징어,한식 음식점업,흑석동,126.963670477211,37.5069755723195
수목식당,"서울특별시 동작구 서달로14나길 28, (흑석동)",음식,한식,한식/백반/한정식,한식 음식점업,흑석동,126.963002112974,37.5070508009275
전주콩나물해장국,"서울특별시 동작구 상도로 265-12, (상도1동)",음식,한식,해장국/감자탕,한식 음식점업,상도1동,126.947993984899,37.503755408168395
동일중기,"서울특별시 동작구 흑석로 84, (흑석동)",음식,닭/오리요리,찜닭전문점,한식 음식점업,흑석동,126.953838046904,37.5047984647821
래미안베이커리,"서울특별시 동작구 상도로37길 78, (상도동)",음식,제과제빵떡케익,제과점,제과점업,상도1동,126.95325097162201,37.4974316907602
파티파티노래주점,"서울특별시 동작구 서달로14길 8, (흑석동)",음식,유흥주점,룸살롱/단란주점,일반유흥 주점업,흑석동,126.96347732177601,37.5078569056799
상도생상겹왕갈비,"서울특별시 동작구 상도로 305, (상도1동)",음식,한식,갈비/삼겹살,한식 음식점업,상도1동,126.95015184957501,37.50069301911589
이공삼공,"서울특별시 동작구 흑석로7길 7, (흑석동)",음식,유흥주점,호프/맥주,기타 주점업,흑석동,126.958035372991,37.5071512602155
카페아드리아,"서울특별시 동작구 서달로 142, (흑석동)",음식,커피점/카페,커피전문점/카페/다방,비알콜 음료점업,흑석동,126.961240675212,37.506017138236295
대나무골,"서울특별시 동작구 상도로61길 54, (상도동)",음식,분식,라면김밥분식,분식 및 김밥 전문점,상도1동,126.957757093162,37.4946242142083
영스낵,"서울특별시 동작구 흑석로 102, (흑석동)",음식,분식,스낵,분식 및 김밥 전문점,흑석동,126.96040355620501,37.5060277945876
명동호프치킨,"서울특별시 동작구 흑석로 87-1, (흑석동)",음식,유흥주점,호프/맥주,기타 주점업,흑석동,126.95940166098801,37.5073164830346
스시후,"서울특별시 동작구 서달로14가길 9, (흑석동)",음식,일식/수산물,음식점-초밥전문,일식 음식점업,흑석동,126.96296270138001,37.50744691654271
BLOOM,"서울특별시 동작구 흑석로 97, (흑석동)",음식,양식,정통양식/경양식,서양식 음식점업,흑석동,126.960313460628,37.507630868851294
스팅,"서울특별시 동작구 사당로 8, (상도동)",음식,양식,정통양식/경양식,서양식 음식점업,상도1동,126.955293492757,37.4953142829304
벙커,"서울특별시 동작구 상도로 368, (상도동)",음식,한식,한식/백반/한정식,한식 음식점업,상도1동,126.953589588074,37.4958578532161
이레김밥,"서울특별시 동작구 상도로63길 15, (상도동)",음식,분식,라면김밥분식,분식 및 김밥 전문점,상도1동,126.95630850366,37.4947015300274
탭하우스더슈라인,"서울특별시 동작구 양녕로 269, (상도1동)",음식,양식,정통양식/경양식,서양식 음식점업,상도1동,126.948635925163,37.5039503437661
영동생고기,"서울특별시 동작구 서달로15길 23, (흑석동)",음식,한식,한식/백반/한정식,한식 음식점업,흑석동,126.96162504090799,37.5084803816401
항아리수제비,"서울특별시 동작구 상도로67길 19, (상도동)",음식,분식,국수/만두/칼국수,분식 및 김밥 전문점,상도1동,126.95632332153099,37.494449366790796
흑석동명당김밥,"서울특별시 동작구 현충로 94, (흑석동)",음식,분식,라면김밥분식,분식 및 김밥 전문점,흑석동,126.964176383953,37.5080162164145
CAFE웅,"서울특별시 동작구 양녕로 267, (상도1동, 민진하임)",음식,한식,한식/백반/한정식,한식 음식점업,상도1동,126.94848979675601,37.5038859696443
현대도시락,"서울특별시 동작구 서달로10길 27, (흑석동)",음식,패스트푸드,도시락전문점,한식 음식점업,흑석동,126.96204960500799,37.5055917455726
흑석드럼통소금구이,"서울특별시 동작구 서달로15길 22, (흑석동)",음식,한식,갈비/삼겹살,한식 음식점업,흑석동,126.96204012106001,37.5087273130742
카페필림밸런스,"서울특별시 동작구 흑석로 8-1, (상도1동)",음식,커피점/카페,커피전문점/카페/다방,비알콜 음료점업,상도1동,126.951633959235,37.5046978290411
이모네집,"서울특별시 동작구 사당로 42, (상도동)",음식,한식,한식/백반/한정식,한식 음식점업,상도1동,126.958966600884,37.4946619105607
롯데리아크리스피크림SK,"서울특별시 동작구 현충로 101, (흑석동)",음식,패스트푸드,도너츠전문,제과점업,흑석동,126.965227283769,37.508088500892
원조숯불구이,"서울특별시 동작구 서달로10길 6, (흑석동)",음식,한식,한식/백반/한정식,한식 음식점업,흑석동,126.961642185303,37.5064261405933
코리아나호텔캐터링지점법,"서울특별시 동작구 흑석로 84, (흑석동)",음식,커피점/카페,커피전문점/카페/다방,비알콜 음료점업,흑석동,126.953838046904,37.5047984647821
두리식당,"서울특별시 동작구 현충로 151, (흑석동, 한강현대아파트)",음식,한식,한식/백반/한정식,한식 음식점업,흑석동,126.970617005438,37.506018127451
상도갑오소곱창,"서울특별시 동작구 상도로 283-2, (상도1동)",음식,한식,곱창/양구이전문,한식 음식점업,상도1동,126.948817994653,37.5022579925931
상도실내포장마차,"서울특별시 동작구 상도로 288, (상도1동)",음식,유흥주점,기타일반유흥주점,일반유흥 주점업,상도1동,126.94847362461,37.5018134136355
꼬레벵,"서울특별시 동작구 상도로62길 45, (상도동)",음식,한식,한식/백반/한정식,한식 음식점업,상도1동,126.952996819207,37.4961950000064
모코커피,"서울특별시 동작구 서달로 91, (흑석동, 흑석한강센트레빌2차)",음식,커피점/카페,커피전문점/카페/다방,비알콜 음료점업,흑석동,126.95897341495301,37.5031318414671
정캐터링숭실대학교제2생,"서울특별시 동작구 상도로 369, (상도동)",음식,한식,한식/백반/한정식,한식 음식점업,상도1동,126.95514236447501,37.4964212381391
미다래,서울특별시 동작구 상도로56길 30-14,음식,한식,한식/백반/한정식,한식 음식점업,상도1동,126.948731533657,37.4939044948108
빅컵,"서울특별시 동작구 상도로 362-1, (상도동)",음식,유흥주점,호프/맥주,기타 주점업,상도1동,126.95221058273899,37.50471195582021
정통왕족발,"서울특별시 동작구 상도로47길 3, (상도1동)",음식,한식,족발/보쌈전문,한식 음식점업,상도1동,126.951183828228,37.499684000601604
일이삼식당,"서울특별시 동작구 흑석로7길 3, (흑석동)",음식,한식,한식/백반/한정식,한식 음식점업,흑석동,126.95820688916099,37.5070176157609
보성녹차생고기대청,"서울특별시 동작구 흑석로8길 4, (흑석동)",음식,양식,바베큐전문,서양식 음식점업,흑석동,126.959372610913,37.50696481803849
찌개대학부대과,"서울특별시 동작구 상도로61길 32, (상도동)",음식,한식,부대찌개/섞어찌개,한식 음식점업,상도1동,126.95661267324499,37.494785311487895
실내포차중대촌,"서울특별시 동작구 흑석로 109-2, (흑석동)",음식,유흥주점,소주방/포장마차,기타 주점업,흑석동,126.961162353708,37.5084042293469
장수,"서울특별시 동작구 서달로14가길 16, (흑석동)",음식,한식,한식/백반/한정식,한식 음식점업,흑석동,126.96271576753401,37.5073095909421
소문난곱창볶음닭갈비,"서울특별시 동작구 서달로12길 13, (흑석동)",음식,닭/오리요리,닭갈비전문,한식 음식점업,흑석동,126.96253918366502,37.50699267291471
술광장호프치킨,"서울특별시 동작구 흑석로 110-1, (흑석동)",음식,유흥주점,호프/맥주,기타 주점업,흑석동,126.961423967931,37.5082984040652
파리바게뜨중앙대점,"서울특별시 동작구 서달로13길 5-30, (흑석동)",음식,제과제빵떡케익,제과점,제과점업,흑석동,126.961590910916,37.5076781480586
삼목등심,"서울특별시 동작구 서달로10길 9-3, (흑석동)",음식,한식,기타고기요리,한식 음식점업,흑석동,126.96200557373899,37.5063212085615
장독대,"서울특별시 동작구 흑석로 112, (흑석동)",음식,한식,한식/백반/한정식,한식 음식점업,흑석동,126.961604294144,37.5083450419227
포스에비뉴,"서울특별시 동작구 상도로 362-1, (상도동)",음식,유흥주점,호프/맥주,기타 주점업,상도1동,126.953244830434,37.4962512608856
세렌디피티,"서울특별시 동작구 흑석로 75, (흑석동)",음식,커피점/카페,커피전문점/카페/다방,비알콜 음료점업,흑석동,126.95800495185,37.5068986981911
"왕돈까스,왕냉면","서울특별시 동작구 상도로61가길 2, (상도동)",음식,양식,돈가스전문점,서양식 음식점업,상도1동,126.95753082166401,37.494631228191
고향삼계탕,"서울특별시 동작구 상도로61길 34, (상도동)",음식,닭/오리요리,삼계탕전문,한식 음식점업,상도1동,126.95678253390601,37.4947687906187
임실치즈피자흑석점,서울특별시 동작구 서달로 106,음식,패스트푸드,피자전문,"피자, 햄버거, 샌드위치 및 유사 음식점업",흑석동,126.960854139872,37.5028961074506
오복떡방아간,"서울특별시 동작구 서달로12길 18, (흑석동)",음식,제과제빵떡케익,떡전문,제과점업,흑석동,126.96268869657301,37.506813776176
토마토호프,"서울특별시 동작구 상도로41길 12, (상도1동)",음식,유흥주점,호프/맥주,기타 주점업,상도1동,126.949911175301,37.501727086303795
해달비,"서울특별시 동작구 서달로14나길 5, (흑석동)",음식,일식/수산물,수산물전문음식점-종합,한식 음식점업,흑석동,126.96387551440701,37.5076891999156
마루스시,"서울특별시 동작구 상도로37길 79, (상도동)",음식,일식/수산물,음식점-초밥전문,일식 음식점업,상도1동,126.953476497392,37.4974787414234
박광호닭강정&족발지존,"서울특별시 동작구 서달로14나길 16, (흑석동)",음식,닭/오리요리,후라이드/양념치킨,치킨 전문점,흑석동,126.96324518384701,37.5074674172657
맥주창고,"서울특별시 동작구 흑석로 110, (흑석동)",음식,유흥주점,호프/맥주,기타 주점업,흑석동,126.961403970538,37.508109007966105
치폴레옹중앙대점,"서울특별시 동작구 흑석로 101-5, (흑석동)",음식,닭/오리요리,후라이드/양념치킨,치킨 전문점,흑석동,126.960670735951,37.50796740115021
Mr.꼼장어Miss쭈꾸미,"서울특별시 동작구 서달로15길 12, (흑석동)",음식,일식/수산물,곰장어전문,한식 음식점업,흑석동,126.96254110389401,37.5084884311909
또래오래동작상도점,"서울특별시 동작구 양녕로 253-13, (상도1동)",음식,닭/오리요리,후라이드/양념치킨,치킨 전문점,상도1동,126.94681163881201,37.503384452844
청춘식당,"서울특별시 동작구 서달로13길 11-13, (흑석동)",음식,유흥주점,소주방/포장마차,기타 주점업,흑석동,126.961678515056,37.5078861594367
샤브일번가,"서울특별시 동작구 흑석로 101-5, (흑석동)",음식,별식/퓨전요리,샤브샤브전문,한식 음식점업,흑석동,126.960670735951,37.50796740115021
잔치집,"서울특별시 동작구 서달로15길 16, (흑석동)",음식,분식,라면김밥분식,분식 및 김밥 전문점,흑석동,126.96234747185801,37.508585845696295
주동아리,"서울특별시 동작구 흑석로 120-1, (흑석동)",음식,유흥주점,호프/맥주,기타 주점업,흑석동,126.961970392891,37.508861857644
소문난순대집,"서울특별시 동작구 상도로37길 65, (상도동)",음식,별식/퓨전요리,순대전문점,한식 음식점업,상도1동,126.952534288097,37.498542639736
본가피탕김탕,"서울특별시 동작구 상도로37길 80, (상도동)",음식,한식,한식/백반/한정식,한식 음식점업,상도1동,126.95331994969999,37.4973512074646
맛있으면돼지,"서울특별시 동작구 서달로15길 23, (흑석동)",음식,한식,갈비/삼겹살,한식 음식점업,흑석동,126.96162504090799,37.5084803816401
선김밥,"서울특별시 동작구 상도로 293, (상도1동)",음식,분식,라면김밥분식,분식 및 김밥 전문점,상도1동,126.949335837927,37.50162285498
차돌이,"서울특별시 동작구 흑석로6가길 1, (흑석동)",음식,분식,라면김밥분식,분식 및 김밥 전문점,흑석동,126.95695028938,37.5062856870628
처갓집양념치킨,"서울특별시 동작구 상도로45길 16, (상도1동)",음식,닭/오리요리,후라이드/양념치킨,치킨 전문점,상도1동,126.951172612476,37.500485834923296
파동추야,"서울특별시 동작구 상도로58길 4, (상도동)",음식,한식,한식/백반/한정식,한식 음식점업,상도1동,126.953023459232,37.495906900093395
크레이지밤,"서울특별시 동작구 상도로63길 21, (상도동)",음식,유흥주점,호프/맥주,기타 주점업,상도1동,126.956591312029,37.494695017763796
페리카나,"서울특별시 동작구 서달로10길 14-1, (흑석동)",음식,닭/오리요리,후라이드/양념치킨,치킨 전문점,흑석동,126.961692662682,37.5060481436479
블라블라,"서울특별시 동작구 매봉로 42, (상도1동)",음식,분식,라면김밥분식,분식 및 김밥 전문점,상도1동,126.951493527922,37.506651857885
베터버거중앙대학교점,"서울특별시 동작구 흑석로 47, (흑석동)",음식,패스트푸드,패스트푸드,그외 기타 음식점업,흑석동,126.955579256481,37.506462792568605
M노래주,"서울특별시 동작구 서달로14길 38, (흑석동)",음식,유흥주점,룸살롱/단란주점,일반유흥 주점업,흑석동,126.96485334016701,37.5073193325458
도깨비전,"서울특별시 동작구 서달로14가길 19, (흑석동)",음식,한식,한식/백반/한정식,한식 음식점업,흑석동,126.962775554879,37.5070758431825
REDBULLOON,"서울특별시 동작구 흑석로9길 2, (흑석동)",음식,유흥주점,호프/맥주,기타 주점업,흑석동,126.960098959179,37.5076019491418
디디치킨숭실대점,"서울특별시 동작구 사당로 22, (상도동)",음식,닭/오리요리,후라이드/양념치킨,치킨 전문점,상도1동,126.956879663385,37.49510303701121
커피나무,"서울특별시 동작구 흑석로 85-5, (흑석동)",음식,커피점/카페,커피전문점/카페/다방,비알콜 음료점업,흑석동,126.95916316634701,37.507386465629295
태능솔밭갈비,"서울특별시 동작구 상도로37길 7, (상도1동)",음식,한식,갈비/삼겹살,한식 음식점업,상도1동,126.94880852100901,37.5029336948712
함지박치즈등갈비,"서울특별시 동작구 상도로37길 68-1, (상도동)",음식,한식,한식/백반/한정식,한식 음식점업,상도1동,126.95258455336901,37.498182665558794
스파이키하우스,"서울특별시 동작구 흑석로9길 10, (흑석동)",음식,양식,정통양식/경양식,서양식 음식점업,흑석동,126.959689199501,37.50778756122629
우뇽파스타뚝배기스파게티,"서울특별시 동작구 서달로10길 10, (흑석동)",음식,양식,스파게티전문점,서양식 음식점업,흑석동,126.96163262328399,37.506299909651105
구이와찌게,"서울특별시 동작구 상도로47길 22, (상도동)",음식,한식,부대찌개/섞어찌개,한식 음식점업,상도1동,126.951935297452,37.500132184484
큰솥설렁탕,"서울특별시 동작구 흑석로 102, (흑석동)",음식,한식,설렁탕집,한식 음식점업,흑석동,126.96040355620501,37.5060277945876
다채,"서울특별시 동작구 상도로52길 28, (상도동, 티에스팰리스)",음식,한식,한식/백반/한정식,한식 음식점업,상도1동,126.950595802082,37.4972549550106
평안도찹쌀순대전문점,"서울특별시 동작구 흑석로 102, (흑석동)",음식,별식/퓨전요리,순대전문점,한식 음식점업,흑석동,126.96040355620501,37.5060277945876
코웍비스트로,"서울특별시 동작구 사당로 30, (상도동)",음식,한식,한식/백반/한정식,한식 음식점업,상도1동,126.957594783589,37.4949111182942
화르르,"서울특별시 동작구 흑석로 111, (흑석동)",음식,분식,라면김밥분식,분식 및 김밥 전문점,흑석동,126.961114618818,37.508584019278295
배스킨라빈스,"서울특별시 동작구 흑석로 87, (흑석동)",음식,패스트푸드,아이스크림판매,제과점업,흑석동,126.95935492321199,37.5074241971416
공차중앙대점,"서울특별시 동작구 흑석로 83-2, (흑석동)",음식,커피점/카페,커피전문점/카페/다방,비알콜 음료점업,흑석동,126.9589048055,37.507258041898396
코코호도상도역점,"서울특별시 동작구 상도로 267, (상도1동)",음식,제과제빵떡케익,제과점,제과점업,상도1동,126.947668563072,37.5035722997959
흑석골남원추어탕,"서울특별시 동작구 서달로 134-1, (흑석동)",음식,한식,한식/백반/한정식,한식 음식점업,흑석동,126.961168877779,37.505484887775005
해연,"서울특별시 동작구 흑석로 102, (흑석동)",음식,중식,중국음식/중국집,중식 음식점업,흑석동,126.96040355620501,37.5060277945876
육쌈냉면중앙대점,"서울특별시 동작구 흑석로 90, (흑석동)",음식,한식,냉면집,한식 음식점업,흑석동,126.95958523461799,37.5071288798565
우리집으로오세요,"서울특별시 동작구 흑석로8길 12, (흑석동)",음식,한식,한식/백반/한정식,한식 음식점업,흑석동,126.959501638763,37.5066325665824
불닭발땡초동대문엽기떡복이숭실대점,"서울특별시 동작구 상도로 319, (상도1동)",음식,닭/오리요리,닭내장/닭발요리,한식 음식점업,상도1동,126.951059943776,37.4996468586299
빽다방중앙대병원점,"서울특별시 동작구 흑석로 93, (흑석동)",음식,커피점/카페,커피전문점/카페/다방,비알콜 음료점업,흑석동,126.959796109016,37.5074190727333
탐앤탐,"서울특별시 동작구 흑석로 105, (흑석동)",음식,커피점/카페,커피전문점/카페/다방,비알콜 음료점업,흑석동,126.960919166712,37.507996618305796
피자알볼로,"서울특별시 동작구 상도로 305, (상도1동)",음식,패스트푸드,피자전문,"피자, 햄버거, 샌드위치 및 유사 음식점업",상도1동,126.95015184957501,37.50069301911589
커피홀릭,"서울특별시 동작구 서달로14나길 9, (흑석동)",음식,커피점/카페,커피전문점/카페/다방,비알콜 음료점업,흑석동,126.96363988734,37.5075519754186
터방네,"서울특별시 동작구 흑석로 101-7, (흑석동)",음식,커피점/카페,커피전문점/카페/다방,비알콜 음료점업,흑석동,126.960737467809,37.5080490827053
토모니베이커리,"서울특별시 동작구 상도로 370, (상도동)",음식,제과제빵떡케익,제과점,제과점업,상도1동,126.95373884784901,37.49569698623621
우리보쌈&밥상,"서울특별시 동작구 상도로56길 2, (상도동)",음식,한식,족발/보쌈전문,한식 음식점업,상도1동,126.952824186902,37.496409721835214
김밥천국상도역점,"서울특별시 동작구 상도로 267, (상도1동)",음식,분식,라면김밥분식,분식 및 김밥 전문점,상도1동,126.947668563072,37.5035722997959
이삭토스트중앙대점,"서울특별시 동작구 흑석로 101, (흑석동)",음식,패스트푸드,토스트전문,"피자, 햄버거, 샌드위치 및 유사 음식점업",흑석동,126.960572075082,37.507741270769
이더블,"서울특별시 동작구 서달로12사길 20, (흑석동)",음식,커피점/카페,커피전문점/카페/다방,비알콜 음료점업,흑석동,126.963040496528,37.5042759057821
레인보우동작숭실대역점,서울특별시 동작구 상도로 378,음식,분식,우동전문점,분식 및 김밥 전문점,상도1동,126.95404264144899,37.4958078024852
홍콩반점0410,"서울특별시 동작구 흑석로 101-3, (흑석동)",음식,중식,중국음식/중국집,중식 음식점업,흑석동,126.96067235983801,37.5078502790846
카페더블유,"서울특별시 동작구 흑석로 84, (흑석동)",음식,커피점/카페,커피전문점/카페/다방,비알콜 음료점업,흑석동,126.953838046904,37.5047984647821
알촌,"서울특별시 동작구 상도로61길 23, (상도동)",음식,한식,한식/백반/한정식,한식 음식점업,상도1동,126.956224462227,37.4950521971892
아람중화요리,"서울특별시 동작구 현충로 151, (흑석동, 한강현대아파트)",음식,중식,중국음식/중국집,중식 음식점업,흑석동,126.970617005438,37.506018127451
풍년집정육식당,"서울특별시 동작구 상도로 383, (상도동)",음식,한식,한식/백반/한정식,한식 음식점업,상도1동,126.95510553468901,37.4950062634461
가마로강정숭실대,"서울특별시 동작구 상도로 357, (상도동, 강남상가)",음식,닭/오리요리,후라이드/양념치킨,치킨 전문점,상도1동,126.95349547457,37.49692926908371
그리다꿈숭실대점,"서울특별시 동작구 사당로 20, (상도동)",음식,커피점/카페,커피전문점/카페/다방,비알콜 음료점업,상도1동,126.95669836926399,37.495128467544
엉터리생고기흑석,"서울특별시 동작구 서달로14나길 5-1, (흑석동)",음식,한식,갈비/삼겹살,한식 음식점업,흑석동,126.963854016572,37.5076079169135
2달러,"서울특별시 동작구 흑석로 110, (흑석동)",음식,양식,정통양식/경양식,서양식 음식점업,흑석동,126.961403970538,37.508109007966105
죽이야기중앙대병원점,"서울특별시 동작구 흑석로 102, (흑석동)",음식,별식/퓨전요리,죽전문점,한식 음식점업,흑석동,126.96040355620501,37.5060277945876
가마로강정,"서울특별시 동작구 서달로 151, (흑석동)",음식,닭/오리요리,후라이드/양념치킨,치킨 전문점,흑석동,126.96152160585,37.506965710029505
흑석골중대고기사랑,"서울특별시 동작구 현충로 100-1, (흑석동)",음식,한식,한식/백반/한정식,한식 음식점업,흑석동,126.96472458349899,37.507633571344
니뽕내뽕,"서울특별시 동작구 흑석로9길 2, (흑석동)",음식,중식,중국음식/중국집,중식 음식점업,흑석동,126.960098959179,37.5076019491418
떡보의하루,"서울특별시 동작구 상도로 331, (상도동)",음식,제과제빵떡케익,떡전문,제과점업,상도1동,126.951784189552,37.4988063009865
김밥천국,"서울특별시 동작구 상도로 341, (상도동)",음식,분식,라면김밥분식,분식 및 김밥 전문점,상도1동,126.952371214988,37.498072647792505
스타벅스숭실대점,"서울특별시 동작구 사당로 4, (상도동)",음식,커피점/카페,커피전문점/카페/다방,비알콜 음료점업,상도1동,126.95483994085899,37.4954003760894
동해안수산,"서울특별시 동작구 현충로 119, (흑석동, 명수대현대아파트)",음식,일식/수산물,횟집,한식 음식점업,흑석동,126.96723824255501,37.5082592790766
보그너커피상도동점,"서울특별시 동작구 상도로53길 45, (상도동)",음식,커피점/카페,커피전문점/카페/다방,비알콜 음료점업,상도1동,126.95341313136299,37.501208525419294
옛날손칼국수,"서울특별시 동작구 상도로 296, (상도1동)",음식,분식,국수/만두/칼국수,분식 및 김밥 전문점,상도1동,126.94895653246,37.501250050566
올리브,"서울특별시 동작구 흑석로 83, (흑석동)",음식,양식,기타전문서양음식점,서양식 음식점업,흑석동,126.958725234534,37.507157343664
감자바위보쌈감자탕전문점,"서울특별시 동작구 상도로 354, (상도동)",음식,한식,해장국/감자탕,한식 음식점업,상도1동,126.952704694419,37.4968681980081
호랑이와곶감,"서울특별시 동작구 상도로 358, (상도동)",음식,유흥주점,호프/맥주,기타 주점업,상도1동,126.95288901314699,37.4966265484689
배스킨라빈스31중앙대점,"서울특별시 동작구 흑석로 87, (흑석동)",음식,패스트푸드,아이스크림판매,제과점업,흑석동,126.95935492321199,37.5074241971416
바비큐보스,"서울특별시 동작구 상도로60길 24, (상도동, 석경트라움)",음식,양식,바베큐전문,서양식 음식점업,상도1동,126.95409176848601,37.49309607579161
CATEGORYA고양이카페,"서울특별시 동작구 현충로 102, (흑석동)",음식,커피점/카페,커피전문점/카페/다방,비알콜 음료점업,흑석동,126.96480524160101,37.5075261523505
바다양푼이동태탕,"서울특별시 동작구 서달로10길 10, (흑석동)",음식,일식/수산물,매운탕전문,한식 음식점업,흑석동,126.96163262328399,37.506299909651105
국수마당,"서울특별시 동작구 흑석로 79, (흑석동)",음식,분식,국수/만두/칼국수,분식 및 김밥 전문점,흑석동,126.958410454489,37.507019410994786
김밥이야기,"서울특별시 동작구 양녕로 280-1, (상도1동)",음식,분식,라면김밥분식,분식 및 김밥 전문점,상도1동,126.950045095406,37.5042782448639
쌍띠더황제치킨,"서울특별시 동작구 상도로50길 33, (상도동)",음식,닭/오리요리,후라이드/양념치킨,치킨 전문점,상도1동,126.950425304139,37.4973165137529
피탕김탕,"서울특별시 동작구 상도로37길 80, (상도동)",음식,중식,중국음식/중국집,중식 음식점업,상도1동,126.95331994969999,37.4973512074646
래빗스디저트카페,"서울특별시 동작구 상도로47길 89, (상도1동)",음식,커피점/카페,커피전문점/카페/다방,비알콜 음료점업,상도1동,126.95172373137899,37.5031308008449
상도보쌈참해물칼국수,"서울특별시 동작구 상도로 321, (상도동)",음식,한식,족발/보쌈전문,한식 음식점업,상도1동,126.95122090269699,37.499459067416
장원아구찜감자탕,"서울특별시 동작구 서달로15길 17, (흑석동)",음식,일식/수산물,해물찜/탕전문,한식 음식점업,흑석동,126.962145149424,37.5084939632544
장터국수,"서울특별시 동작구 서달로 151, (흑석동)",음식,분식,라면김밥분식,분식 및 김밥 전문점,흑석동,126.96152160585,37.506965710029505
싱싱수산,"서울특별시 동작구 상도로 276, (상도1동)",음식,일식/수산물,횟집,한식 음식점업,상도1동,126.947714881092,37.5026896847794
몽블랑베이커리,"서울특별시 동작구 상도로 293, (상도1동)",음식,제과제빵떡케익,제과점,제과점업,상도1동,126.949335837927,37.50162285498
베리베리,"서울특별시 동작구 흑석로8길 1, (흑석동)",음식,커피점/카페,커피전문점/카페/다방,비알콜 음료점업,흑석동,126.95952931382901,37.5070833348386
황궁,"서울특별시 동작구 사당로 36, (상도동)",음식,중식,중국음식/중국집,중식 음식점업,상도1동,126.958296215223,37.4948902741355
속초항회속초물회,"서울특별시 동작구 상도로 313, (상도1동)",음식,일식/수산물,횟집,한식 음식점업,상도1동,126.950623303356,37.5001385576966
임꺽정생고기,"서울특별시 동작구 현충로 110, (흑석동)",음식,한식,갈비/삼겹살,한식 음식점업,흑석동,126.96577262166099,37.5070931123146
조안찐빵만두상도점,"서울특별시 동작구 상도로 296-1, (상도1동)",음식,분식,국수/만두/칼국수,분식 및 김밥 전문점,상도1동,126.949002775875,37.501178378096
IZAKAYA나무,"서울특별시 동작구 상도로 368, (상도동)",음식,커피점/카페,커피전문점/카페/다방,비알콜 음료점업,상도1동,126.953589588074,37.4958578532161
이레김밥,"서울특별시 동작구 현충로 140, (흑석동)",음식,분식,라면김밥분식,분식 및 김밥 전문점,흑석동,126.96869371931999,37.506055414007896
정오아카데미,"서울특별시 동작구 흑석로 84, (흑석동)",음식,한식,한식/백반/한정식,한식 음식점업,흑석동,126.953838046904,37.5047984647821
중앙대돈부리,"서울특별시 동작구 흑석로 91, (흑석동)",음식,일식/수산물,음식점-일식,일식 음식점업,흑석동,126.95970588506901,37.5074002571735
맥도날드,"서울특별시 동작구 흑석로 84, (흑석동)",음식,패스트푸드,패스트푸드,그외 기타 음식점업,흑석동,126.953838046904,37.5047984647821
BBQ치킨,"서울특별시 동작구 상도로47길 21, (상도1동)",음식,닭/오리요리,후라이드/양념치킨,치킨 전문점,상도1동,126.95185362181002,37.500311669672
비노,"서울특별시 동작구 상도로61길 48, (상도동)",음식,유흥주점,호프/맥주,기타 주점업,상도1동,126.957360961455,37.4946477501438
고향삼계탕,"서울특별시 동작구 양녕로 268-1, (상도1동)",음식,닭/오리요리,삼계탕전문,한식 음식점업,상도1동,126.948992177962,37.5035480422177
오니기리와이규동숭실대점,"서울특별시 동작구 사당로 6-1, (상도동)",음식,한식,한식/백반/한정식,한식 음식점업,상도1동,126.95515755281299,37.4953311016695
맘스터치,"서울특별시 동작구 상도로 369, (상도동)",음식,닭/오리요리,후라이드/양념치킨,치킨 전문점,상도1동,126.95514236447501,37.4964212381391
VineCafe,"서울특별시 동작구 상도로52길 29, (상도동)",음식,한식,한식/백반/한정식,한식 음식점업,상도1동,126.950823468377,37.4971488512895
맥도날드숭실대점,"서울특별시 동작구 사당로 22, (상도동)",음식,패스트푸드,패스트푸드,그외 기타 음식점업,상도1동,126.956879663385,37.49510303701121
할매집,"서울특별시 동작구 서달로12길 29, (흑석동)",음식,한식,한식/백반/한정식,한식 음식점업,흑석동,126.96299740917601,37.5065732035481
702SALOON,"서울특별시 동작구 서달로 150, (흑석동, 해가든)",음식,유흥주점,호프/맥주,기타 주점업,흑석동,126.962171343589,37.5066019904172
뚜레쥬르상도래미안점,"서울특별시 동작구 상도로37길 74, (상도동)",음식,제과제빵떡케익,제과점,제과점업,상도1동,126.95281435862302,37.4979233985215
바푸리중앙대점,"서울특별시 동작구 서달로 159, (흑석동)",음식,양식,정통양식/경양식,서양식 음식점업,흑석동,126.96206577665899,37.5076913322419
감자옹심이,"서울특별시 동작구 양녕로 265-1, (상도1동)",음식,한식,한식/백반/한정식,한식 음식점업,상도1동,126.94835497726999,37.5038216960261
더진국중앙대점,"서울특별시 동작구 흑석로13마길 65, (흑석동)",음식,한식,한식/백반/한정식,한식 음식점업,흑석동,126.958971159449,37.5073667525795
라이스&포테이토,"서울특별시 동작구 흑석로 83, (흑석동)",음식,패스트푸드,패스트푸드,그외 기타 음식점업,흑석동,126.958725234534,37.507157343664
차이홍,"서울특별시 동작구 강남초등길 24, (상도1동)",음식,중식,중국음식/중국집,중식 음식점업,상도1동,126.951956121172,37.50511517027071
풍년곱창구이,"서울특별시 동작구 서달로14길 12, (흑석동)",음식,한식,곱창/양구이전문,한식 음식점업,흑석동,126.963691327195,37.5079218568761
아몬드블루,"서울특별시 동작구 서달로14길 46, (흑석동)",음식,커피점/카페,커피전문점/카페/다방,비알콜 음료점업,흑석동,126.96539767653401,37.507215975697996
소소당,"서울특별시 동작구 현충로 118, (흑석동)",음식,양식,정통양식/경양식,서양식 음식점업,흑석동,126.966420849822,37.5068374819264
미니자이언트,"서울특별시 동작구 흑석로 81-6, (흑석동)",음식,한식,한식/백반/한정식,한식 음식점업,흑석동,126.958633133848,37.507273668067796
퓨전탕수육,"서울특별시 동작구 상도로47길 18, (상도동)",음식,중식,탕수육전문점,중식 음식점업,상도1동,126.95183516157499,37.5000141595802
슈퍼피맥,"서울특별시 동작구 서달로10길 4, (흑석동)",음식,패스트푸드,피자전문,"피자, 햄버거, 샌드위치 및 유사 음식점업",흑석동,126.96165237129999,37.506507324559706
사리원,"서울특별시 동작구 상도로50길 2-15, (상도1동)",음식,분식,국수/만두/칼국수,분식 및 김밥 전문점,상도1동,126.95061455660101,37.4991473257061
맛있소면,"서울특별시 동작구 상도로 295, (상도1동)",음식,분식,라면김밥분식,분식 및 김밥 전문점,상도1동,126.949530730403,37.501435368001204
중문닭갈비,"서울특별시 동작구 흑석로6길 12, (흑석동)",음식,닭/오리요리,닭갈비전문,한식 음식점업,흑석동,126.95693105585899,37.5060422340298
호치킨하우스,"서울특별시 동작구 서달로 165-1, (흑석동)",음식,닭/오리요리,후라이드/양념치킨,치킨 전문점,흑석동,126.962672115361,37.508012025865504
동해해물칼국수,"서울특별시 동작구 서달로14나길 8, (흑석동)",음식,분식,국수/만두/칼국수,분식 및 김밥 전문점,흑석동,126.963705127529,37.5077417681287
친구,"서울특별시 동작구 사당로 8, (상도동)",음식,유흥주점,호프/맥주,기타 주점업,상도1동,126.955293492757,37.4953142829304
대박회집,"서울특별시 동작구 흑석로 111-5, (흑석동)",음식,일식/수산물,횟집,한식 음식점업,흑석동,126.961004396684,37.5083758085593
16.8,"서울특별시 동작구 흑석로 109-1, (흑석동)",음식,유흥주점,빠/카페/스탠드빠,일반유흥 주점업,흑석동,126.961106680737,37.5083406662763
폴스브레드,"서울특별시 동작구 현충로14길 2, (흑석동)",음식,제과제빵떡케익,제과점,제과점업,흑석동,126.96851314599002,37.50602680580271
자매호프포차,"서울특별시 동작구 서달로12가길 11, (흑석동)",음식,유흥주점,소주방/포장마차,기타 주점업,흑석동,126.96271842069099,37.506300439143
취향,"서울특별시 동작구 사당로 6-1, (상도동)",음식,중식,중국음식/중국집,중식 음식점업,상도1동,126.95515755281299,37.4953311016695
지코바양념치킨,"서울특별시 동작구 상도로37길 32, (상도1동)",음식,유흥주점,호프/맥주,기타 주점업,상도1동,126.950227727425,37.50092796623579
바야흐로,"서울특별시 동작구 현충로 102, (흑석동)",음식,양식,정통양식/경양식,서양식 음식점업,흑석동,126.96480524160101,37.5075261523505
커피만중앙대점,"서울특별시 동작구 흑석로 87-1, (흑석동)",음식,커피점/카페,커피전문점/카페/다방,비알콜 음료점업,흑석동,126.95940166098801,37.5073164830346
연어이야기,"서울특별시 동작구 흑석로 115, (흑석동)",음식,한식,한식/백반/한정식,한식 음식점업,흑석동,126.961428287068,37.5088030293919
28청춘호프포차,"서울특별시 동작구 사당로 16, (상도동)",음식,유흥주점,소주방/포장마차,기타 주점업,상도1동,126.956075083617,37.495222076823204
우슬재,"서울특별시 동작구 현충로 94, (흑석동)",음식,한식,한식/백반/한정식,한식 음식점업,흑석동,126.964176383953,37.5080162164145
스타벅스숭실대입구역점,"서울특별시 동작구 상도로 354, (상도동)",음식,커피점/카페,커피전문점/카페/다방,비알콜 음료점업,상도1동,126.952704694419,37.4968681980081
어부사시가생선구이밥상,"서울특별시 동작구 서달로15길 23, (흑석동)",음식,일식/수산물,갈치/생선구이,한식 음식점업,흑석동,126.96162504090799,37.5084803816401
천지창조밥상,"서울특별시 동작구 상도로 392-21, (상도동)",음식,한식,한식/백반/한정식,한식 음식점업,상도1동,126.954305348543,37.4939990170715
커피만,"서울특별시 동작구 사당로 20, (상도동)",음식,한식,한식/백반/한정식,한식 음식점업,상도1동,126.95669836926399,37.495128467544
신전떡볶이,"서울특별시 동작구 상도로 372-3, (상도동)",음식,제과제빵떡케익,떡/한과집,제과점업,상도1동,126.953776666536,37.4954179956185
오장동함흥냉면,"서울특별시 동작구 서달로12가길 11, (흑석동)",음식,한식,냉면집,한식 음식점업,흑석동,126.96271842069099,37.506300439143
커리야CURRYYA,"서울특별시 동작구 흑석로 97-4, (흑석동)",음식,양식,정통양식/경양식,서양식 음식점업,흑석동,126.96026672394699,37.5077385833302
싸움의고수중앙대점,"서울특별시 동작구 흑석로 83-1, (흑석동)",음식,한식,한식/백반/한정식,한식 음식점업,흑석동,126.958791963546,37.5072390262868
청정베이커리,"서울특별시 동작구 양녕로 282, (상도1동)",음식,제과제빵떡케익,제과점,제과점업,상도1동,126.95019084747801,37.504369645184
발렌느,"서울특별시 동작구 흑석한강로 27, (흑석동, 흑석한강푸르지오)",음식,제과제빵떡케익,제과점,제과점업,흑석동,126.966187323429,37.504087236841706
홍수계찜닭중앙대점,"서울특별시 동작구 흑석로 102, (흑석동)",음식,닭/오리요리,찜닭전문점,한식 음식점업,흑석동,126.96040355620501,37.5060277945876
알렉스플레이스,"서울특별시 동작구 상도로37길 31, (상도1동)",음식,한식,한식/백반/한정식,한식 음식점업,상도1동,126.950362291179,37.5010102564342
유프,"서울특별시 동작구 흑석로 27, (상도동)",음식,유흥주점,호프/맥주,기타 주점업,상도1동,126.95372030633101,37.505130809993
상도김밥,"서울특별시 동작구 상도로45길 10, (상도1동)",음식,분식,라면김밥분식,분식 및 김밥 전문점,상도1동,126.950959521849,37.5003577958348
대명브레댄코숭실대입구역점,서울특별시 동작구 상도로 378,음식,제과제빵떡케익,제과점,제과점업,상도1동,126.95404264144899,37.4958078024852
큰맘할매순대국,"서울특별시 동작구 상도로61길 40, (상도동)",음식,별식/퓨전요리,순대전문점,한식 음식점업,상도1동,126.95705566394399,37.4946450552017
생활맥주,"서울특별시 동작구 양녕로 271, (상도1동)",음식,유흥주점,호프/맥주,기타 주점업,상도1동,126.948893751366,37.50411482703871
요거프레스,"서울특별시 동작구 양녕로 282-1, (상도1동)",음식,커피점/카페,커피전문점/카페/다방,비알콜 음료점업,상도1동,126.950439261739,37.504398884158796
커피아가씨S꿈을피자,"서울특별시 동작구 서달로 150, (흑석동, 해가든)",음식,패스트푸드,피자전문,"피자, 햄버거, 샌드위치 및 유사 음식점업",흑석동,126.962171343589,37.5066019904172
곱창고,서울특별시 동작구 서달로14길 8,음식,한식,곱창/양구이전문,한식 음식점업,흑석동,126.96347732177601,37.5078569056799
포포인,"서울특별시 동작구 흑석로 84, (흑석동)",음식,패스트푸드,패스트푸드,그외 기타 음식점업,흑석동,126.953838046904,37.5047984647821
하루비,"서울특별시 동작구 서달로14사길 9, (흑석동)",음식,유흥주점,호프/맥주,기타 주점업,흑석동,126.965119920597,37.5068531227868
또와분식,"서울특별시 동작구 서달로14사길 10, (흑석동)",음식,분식,라면김밥분식,분식 및 김밥 전문점,흑석동,126.964973025598,37.5068428252156
갓프레소,"서울특별시 동작구 상도로41길 24, (상도1동)",음식,커피점/카페,커피전문점/카페/다방,비알콜 음료점업,상도1동,126.950461753654,37.5019842731828
포쉐프,"서울특별시 동작구 양녕로 274, (상도1동)",음식,유흥주점,호프/맥주,기타 주점업,상도1동,126.949530447738,37.5038772078004
프라이밋,"서울특별시 동작구 상도로37길 42, (상도1동)",음식,양식,정통양식/경양식,서양식 음식점업,상도1동,126.95100916589199,37.5000428694403
스타벅스,"서울특별시 동작구 흑석로 75-1, (흑석동)",음식,커피점/카페,커피전문점/카페/다방,비알콜 음료점업,흑석동,126.95812885181401,37.5069358330654
송베이커,"서울특별시 동작구 상도로47길 4, (상도동)",음식,제과제빵떡케익,제과점,제과점업,상도1동,126.951434873169,37.499524040388714
CU,"서울특별시 동작구 양녕로 280-1, (상도1동)",음식,패스트푸드,패스트푸드,그외 기타 음식점업,상도1동,126.950045095406,37.5042782448639
커피나무,"서울특별시 동작구 상도로 297-1, (상도1동)",음식,커피점/카페,커피전문점/카페/다방,비알콜 음료점업,상도1동,126.94968076738199,37.501220450391294
돼지돼지배달되지,"서울특별시 동작구 상도로37길 23, (상도1동)",음식,한식,갈비/삼겹살,한식 음식점업,상도1동,126.949902390548,37.5015467984095
동순이무한삼겹살상도본점,"서울특별시 동작구 상도로 279, (상도1동)",음식,한식,갈비/삼겹살,한식 음식점업,상도1동,126.948554110362,37.5025259586469
신의주찹쌀순대,"서울특별시 동작구 상도로61길 37, (상도동)",음식,별식/퓨전요리,순대전문점,한식 음식점업,상도1동,126.957018108479,37.4949060282969
힐탑키즈카페,서울특별시 동작구 상도로68길 1-20,음식,커피점/카페,커피전문점/카페/다방,비알콜 음료점업,상도1동,126.95600026103901,37.4924732112105
맵콤명태조림해물칼국수본점,"서울특별시 동작구 상도로 321, (상도동)",음식,분식,국수/만두/칼국수,분식 및 김밥 전문점,상도1동,126.95122090269699,37.499459067416
닭치고,"서울특별시 동작구 상도로47길 13, (상도1동)",음식,닭/오리요리,후라이드/양념치킨,치킨 전문점,상도1동,126.951541528788,37.4999845222717
카페디차,"서울특별시 동작구 상도로47길 89, (상도1동)",음식,커피점/카페,커피전문점/카페/다방,비알콜 음료점업,상도1동,126.95172373137899,37.5031308008449
아딸,"서울특별시 동작구 현충로 119, (흑석동, 명수대현대아파트)",음식,분식,떡볶이전문,분식 및 김밥 전문점,흑석동,126.967782706809,37.5081469018967
홍탕,"서울특별시 동작구 흑석로 101-7, (흑석동)",음식,유흥주점,호프/맥주,기타 주점업,흑석동,126.960737467809,37.5080490827053
따뜻한밥상,"서울특별시 동작구 상도로67길 27, (상도동)",음식,한식,한식/백반/한정식,한식 음식점업,상도1동,126.95638589972499,37.4948283608593
침사추이,"서울특별시 동작구 현충로 131, (흑석동)",음식,중식,중국음식/중국집,중식 음식점업,흑석동,126.96815115602699,37.5068526098628
"내담대구탕,찜,해물갈비찜","서울특별시 동작구 상도로37길 72, (상도동)",음식,일식/수산물,매운탕전문,한식 음식점업,상도1동,126.952745379468,37.498003881498
벨라지오,"서울특별시 동작구 흑석로 114-1, (흑석동)",음식,커피점/카페,커피전문점/카페/다방,비알콜 음료점업,흑석동,126.961522008005,37.508569580718714
BHC치킨흑석점,"서울특별시 동작구 흑석한강로 2, (흑석동)",음식,닭/오리요리,후라이드/양념치킨,치킨 전문점,흑석동,126.96650349196501,37.506585911179705
황토정숯불갈비,"서울특별시 동작구 서달로13길 5-23, (흑석동)",음식,한식,갈비/삼겹살,한식 음식점업,흑석동,126.9618507752,37.507698453276
함지박치즈등갈비,"서울특별시 동작구 상도로37길 66-1, (상도동)",음식,한식,한식/백반/한정식,한식 음식점업,상도1동,126.95241216691299,37.4983793678653
치킨런,서울특별시 동작구 상도1동 502-8,음식,닭/오리요리,후라이드/양념치킨,치킨 전문점,상도1동,126.955644649769,37.495272335358
정동수초밥좋은날,"서울특별시 동작구 사당로 10, (상도동)",음식,일식/수산물,음식점-초밥전문,일식 음식점업,상도1동,126.955417874259,37.4953153828367
정부대찌개,"서울특별시 동작구 흑석로 94, (흑석동)",음식,한식,부대찌개/섞어찌개,한식 음식점업,흑석동,126.95996799772,37.507258397524
쥬씨상도역점,"서울특별시 동작구 상도로37길 1, (상도1동)",음식,커피점/카페,커피전문점/카페/다방,비알콜 음료점업,상도1동,126.948431169421,37.503227682254895
금미대만대왕카스테라,"서울특별시 동작구 서달로 159, (흑석동)",음식,제과제빵떡케익,제과점,제과점업,흑석동,126.96206577665899,37.5076913322419
명가한식부페,"서울특별시 동작구 흑석로 112, (흑석동)",음식,부페,종합부페,,흑석동,126.961604294144,37.5083450419227
큰맘원조할매순대국,"서울특별시 동작구 서달로 167, (흑석동)",음식,별식/퓨전요리,순대전문점,한식 음식점업,흑석동,126.96277302688101,37.50807598546729
롯데식당흑석동점,서울특별시 동작구 흑석로10나길 8,음식,한식,한식/백반/한정식,한식 음식점업,흑석동,126.959478105962,37.5042535895121
터널돼지갈비,"서울특별시 동작구 양녕로 247-1, (상도1동)",음식,한식,갈비/삼겹살,한식 음식점업,상도1동,126.946751634318,37.5028252677284
미소포차,"서울특별시 동작구 양녕로 262, (상도1동)",음식,유흥주점,소주방/포장마차,기타 주점업,상도1동,126.94827360764,37.503172216570704
옛날장터치킨,"서울특별시 동작구 현충로 100, (흑석동)",음식,닭/오리요리,후라이드/양념치킨,치킨 전문점,흑석동,126.964587378582,37.5077404946117
밀짚모자,"서울특별시 동작구 양녕로 284, (상도1동)",음식,한식,파전전문,한식 음식점업,상도1동,126.95056315366399,37.5044360268662
마로니에커피앤와플,"서울특별시 동작구 현충로 106, (흑석동)",음식,커피점/카페,커피전문점/카페/다방,비알콜 음료점업,흑석동,126.965146012667,37.5074210124588
리앤홍,"서울특별시 동작구 서달로14길 18, (흑석동)",음식,커피점/카페,커피전문점/카페/다방,비알콜 음료점업,흑석동,126.964009233883,37.5078345406738
더코네,"서울특별시 동작구 상도로61길 23, (상도동)",음식,한식,한식/백반/한정식,한식 음식점업,상도1동,126.956224462227,37.4950521971892
퍼블릭하우스,"서울특별시 동작구 서달로14길 38, (흑석동)",음식,한식,한식/백반/한정식,한식 음식점업,흑석동,126.96485334016701,37.5073193325458
봉추찜닭중앙대점,"서울특별시 동작구 흑석로 88, (흑석동)",음식,닭/오리요리,찜닭전문점,한식 음식점업,흑석동,126.959337182524,37.5070726317804
탑스피자,"서울특별시 동작구 상도로38가길 13, (상도1동)",음식,패스트푸드,피자전문,"피자, 햄버거, 샌드위치 및 유사 음식점업",상도1동,126.94740967826799,37.5026779550577
베이커즈원,"서울특별시 동작구 현충로 131, (흑석동)",음식,제과제빵떡케익,제과점,제과점업,흑석동,126.96815115602699,37.5068526098628
내가찜한닭숭실대점,"서울특별시 동작구 사당로 18-1, (상도동)",음식,유흥주점,호프/맥주,기타 주점업,상도1동,126.956426365181,37.4951711175164
어촌마을,"서울특별시 동작구 서달로15길 23, (흑석동)",음식,한식,한식/백반/한정식,한식 음식점업,흑석동,126.96162504090799,37.5084803816401
내가찜한닭,"서울특별시 동작구 흑석로 87, (흑석동)",음식,한식,한식/백반/한정식,한식 음식점업,흑석동,126.95935492321199,37.5074241971416
전주해물콩나물국밥,"서울특별시 동작구 흑석로9길 4, (흑석동)",음식,일식/수산물,해물찜/탕전문,한식 음식점업,흑석동,126.959962372842,37.507663819998605
pianopiano,"서울특별시 동작구 사당로 56, (상도동)",음식,한식,한식/백반/한정식,한식 음식점업,상도1동,126.960551125201,37.494567737260496
준호네떡볶이,"서울특별시 동작구 상도로 357, (상도동, 강남상가)",음식,분식,떡볶이전문,분식 및 김밥 전문점,상도1동,126.95349547457,37.49692926908371
투썸플레이스숭실대점,"서울특별시 동작구 사당로 36-1, (상도동, 서정캐슬)",음식,커피점/카페,커피전문점/카페/다방,비알콜 음료점업,상도1동,126.958488815635,37.494864940823604
블루스톤푸드코트,"서울특별시 동작구 현충로 131, (흑석동)",음식,한식,한식/백반/한정식,한식 음식점업,흑석동,126.96815115602699,37.5068526098628
토프레소상도점,"서울특별시 동작구 상도로68길 33-1, 1동  (상도동, 현산푸른숲아파트)",음식,커피점/카페,커피전문점/카페/다방,비알콜 음료점업,상도1동,126.94396961933901,37.49638496132071
쉼표숭실대점,"서울특별시 동작구 사당로 4, (상도동)",음식,한식,한식/백반/한정식,한식 음식점업,상도1동,126.95483994085899,37.4954003760894
추억과김밥,"서울특별시 동작구 상도로61길 72, (상도동, 제이플러스)",음식,분식,라면김밥분식,분식 및 김밥 전문점,상도1동,126.958754388519,37.494470819623295
다밀원봉평막국수숯불닭바베큐,"서울특별시 동작구 양녕로 282-1, (상도1동)",음식,양식,바베큐전문,서양식 음식점업,상도1동,126.950439261739,37.504398884158796
천냥노가리,"서울특별시 동작구 상도로47길 17, (상도1동)",음식,유흥주점,호프/맥주,기타 주점업,상도1동,126.951663398663,37.5001658137609
미락쌈밥전문,"서울특별시 동작구 상도로67길 12-5, (상도동)",음식,한식,쌈밥전문,한식 음식점업,상도1동,126.95670009646099,37.494191390225
카페오,"서울특별시 동작구 상도로56길 6, (상도동)",음식,커피점/카페,커피전문점/카페/다방,비알콜 음료점업,상도1동,126.952499791161,37.4961545517754
베브릿지중앙대점,"서울특별시 동작구 흑석로9길 4, (흑석동)",음식,커피점/카페,커피전문점/카페/다방,비알콜 음료점업,흑석동,126.959962372842,37.507663819998605
복돼지순대국,"서울특별시 동작구 상도로37길 23, (상도1동)",음식,별식/퓨전요리,순대전문점,한식 음식점업,상도1동,126.949902390548,37.5015467984095
카페아이엠티숭실대점,"서울특별시 동작구 상도로 381, (상도동)",음식,커피점/카페,커피전문점/카페/다방,비알콜 음료점업,상도1동,126.95497952169,37.4951222853285
올라투,"서울특별시 동작구 서달로10길 12, (흑석동)",음식,한식,한식/백반/한정식,한식 음식점업,흑석동,126.961701975214,37.5061923933821
스파이스포,"서울특별시 동작구 흑석로8길 4, (흑석동)",음식,한식,한식/백반/한정식,한식 음식점업,흑석동,126.959372610913,37.50696481803849
박가부대흑석점,"서울특별시 동작구 현충로 100-1, (흑석동)",음식,한식,부대찌개/섞어찌개,한식 음식점업,흑석동,126.96472458349899,37.507633571344
상도갈비타운,"서울특별시 동작구 매봉로 13, (상도1동)",음식,한식,갈비/삼겹살,한식 음식점업,상도1동,126.950147034205,37.5058830172721
아르티장테이블,"서울특별시 동작구 흑석한강로 27, (흑석동, 흑석한강푸르지오)",음식,한식,한식/백반/한정식,한식 음식점업,흑석동,126.966187323429,37.504087236841706
빨간코포차,"서울특별시 동작구 양녕로 262, (상도1동)",음식,유흥주점,소주방/포장마차,기타 주점업,상도1동,126.94827360764,37.503172216570704
동키치킨,"서울특별시 동작구 현충로 119, (흑석동, 명수대현대아파트)",음식,닭/오리요리,후라이드/양념치킨,치킨 전문점,흑석동,126.96723824255501,37.5082592790766
가보자,"서울특별시 동작구 현충로 100, (흑석동)",음식,양식,돈가스전문점,서양식 음식점업,흑석동,126.964587378582,37.5077404946117
바라건대,"서울특별시 동작구 서달로13길 8, (흑석동)",음식,한식,한식/백반/한정식,한식 음식점업,흑석동,126.96232040307301,37.5080900309815
이찬호초밥,"서울특별시 동작구 흑석로 24, (상도동)",음식,일식/수산물,음식점-초밥전문,일식 음식점업,상도1동,126.95322661518499,37.5048471109003
정감,"서울특별시 동작구 상도로62길 21, (상도동)",음식,유흥주점,호프/맥주,기타 주점업,상도1동,126.953620373951,37.495272443293
토프레소상도점,"서울특별시 동작구 상도로68길 33-1, 1동  (상도동, 현산푸른숲아파트)",음식,커피점/카페,커피전문점/카페/다방,비알콜 음료점업,상도1동,126.95494230062401,37.4921124471411
한돈신,"서울특별시 동작구 흑석로 120-1, (흑석동)",음식,한식,기타고기요리,한식 음식점업,흑석동,126.961970392891,37.508861857644
해랑초밥중대점,"서울특별시 동작구 흑석로 116, (흑석동)",음식,일식/수산물,음식점-초밥전문,일식 음식점업,흑석동,126.96164478933599,37.5086877964824
피터패트,"서울특별시 동작구 상도로 294, (상도1동)",음식,커피점/카페,커피전문점/카페/다방,비알콜 음료점업,상도1동,126.948830878301,37.5013390373665
신전떡볶이중앙대점,"서울특별시 동작구 흑석로 101, (흑석동)",음식,분식,떡볶이전문,분식 및 김밥 전문점,흑석동,126.960572075082,37.507741270769
팔팔구,"서울특별시 동작구 상도로61길 4, (상도동)",음식,한식,기타고기요리,한식 음식점업,상도1동,126.95522878608101,37.495088448087
명랑핫도그중앙대점,"서울특별시 동작구 서달로 159, (흑석동)",음식,패스트푸드,핫도그,"피자, 햄버거, 샌드위치 및 유사 음식점업",흑석동,126.96206577665899,37.5076913322419
마트,"서울특별시 동작구 흑석로 115, (흑석동)",음식,한식,한식/백반/한정식,한식 음식점업,흑석동,126.961428287068,37.5088030293919
철판목장중앙대점,"서울특별시 동작구 흑석로 88, (흑석동)",음식,한식,한식/백반/한정식,한식 음식점업,흑석동,126.959337182524,37.5070726317804
권가네항아리된장족발,"서울특별시 동작구 흑석로9길 13, (흑석동)",음식,한식,족발/보쌈전문,한식 음식점업,흑석동,126.959374289932,37.5076586404608
엉터리생고기중앙대점,"서울특별시 동작구 흑석로11길 4, (흑석동)",음식,한식,갈비/삼겹살,한식 음식점업,흑석동,126.960513529647,37.5078849233844
出國,"서울특별시 동작구 서달로14사길 5-1, (흑석동)",음식,커피점/카페,커피전문점/카페/다방,비알콜 음료점업,흑석동,126.965140549001,37.5069974714131
꿀마니,"서울특별시 동작구 상도로67길 17, (상도동)",음식,유흥주점,호프/맥주,기타 주점업,상도1동,126.956325076791,37.49432323521921
알로하닭,"서울특별시 동작구 상도로37길 26, (상도1동)",음식,유흥주점,호프/맥주,기타 주점업,상도1동,126.94981482628201,37.5013387786819
상도늘보리흑석점,"서울특별시 동작구 서달로 134-1, (흑석동)",음식,한식,한식/백반/한정식,한식 음식점업,흑석동,126.961168877779,37.505484887775005
굽네치킨,"서울특별시 동작구 상도로53길 8, (상도동, 래미안3차)",음식,닭/오리요리,후라이드/양념치킨,치킨 전문점,상도1동,126.954040114668,37.5008536590257
큰맘할매순대국,"서울특별시 동작구 서달로 167, (흑석동)",음식,별식/퓨전요리,순대전문점,한식 음식점업,흑석동,126.96277302688101,37.50807598546729
스티븐목장중앙대점,"서울특별시 동작구 흑석로 90, (흑석동)",음식,커피점/카페,커피전문점/카페/다방,비알콜 음료점업,흑석동,126.95958523461799,37.5071288798565
하브,"서울특별시 동작구 현충로 100, (흑석동)",음식,한식,한식/백반/한정식,한식 음식점업,흑석동,126.964587378582,37.5077404946117
감탄떡볶이숭실대점,"서울특별시 동작구 상도로 351, (상도동)",음식,분식,떡볶이전문,분식 및 김밥 전문점,상도1동,126.952992277742,37.497330282704894
모던비어433,"서울특별시 동작구 서달로14길 34, (흑석동)",음식,유흥주점,호프/맥주,기타 주점업,흑석동,126.964739003401,37.5074084354193
남원추어탕,서울특별시 동작구 서달로 134-1,음식,한식,추어탕전문,한식 음식점업,흑석동,126.961168877779,37.505484887775005
둘둘치킨,서울특별시 동작구 상도로 353,음식,닭/오리요리,후라이드/양념치킨,치킨 전문점,상도1동,126.95317408139401,37.4972688204313
명당분식,서울특별시 동작구 현충로 94,음식,분식,라면김밥분식,분식 및 김밥 전문점,흑석동,126.964176383953,37.5080162164145
노랑통닭,서울특별시 동작구 흑석로 101-3,음식,닭/오리요리,후라이드/양념치킨,치킨 전문점,흑석동,126.96067235983801,37.5078502790846
명문본가왕족발보쌈,서울특별시 동작구 서달로10가길 1,음식,한식,족발/보쌈전문,한식 음식점업,흑석동,126.962308503855,37.5048641702625
명가족발,서울특별시 동작구 흑석로3길 32,음식,한식,족발/보쌈전문,한식 음식점업,흑석동,126.956120497856,37.5082066008408
김밥천국,서울특별시 동작구 흑석로 6,음식,분식,라면김밥분식,분식 및 김밥 전문점,상도1동,126.951317942675,37.5046499714475
명동호프치킨카,서울특별시 동작구 서달로10길 7,음식,유흥주점,호프/맥주,기타 주점업,흑석동,126.96183593735,37.5063197177437
미스터피자,서울특별시 동작구 서달로 165,음식,패스트푸드,피자전문,"피자, 햄버거, 샌드위치 및 유사 음식점업",흑석동,126.96260450862499,37.5079934111376
이모네떡볶이,"서울특별시 동작구 서달로12길 17, (흑석동)",음식,분식,떡볶이전문,분식 및 김밥 전문점,흑석동,126.962754806362,37.50694050361
갓볶은커피보그너커피,서울특별시 동작구 상도로53길 45,음식,커피점/카페,커피전문점/카페/다방,비알콜 음료점업,상도1동,126.95341313136299,37.501208525419294
커피가게,서울특별시 동작구 상도로 369,음식,커피점/카페,커피전문점/카페/다방,비알콜 음료점업,상도1동,126.95514236447501,37.4964212381391
착한낙지,서울특별시 동작구 매봉로 72,음식,일식/수산물,낙지/오징어,한식 음식점업,상도1동,126.951599279953,37.5079863480246
안동찜닭홍수계중,서울특별시 동작구 흑석로 102,음식,닭/오리요리,찜닭전문점,한식 음식점업,흑석동,126.96040355620501,37.5060277945876
상도정마루,"서울특별시 동작구 상도로 280, (상도1동)",음식,한식,한식/백반/한정식,한식 음식점업,상도1동,126.947922858765,37.5023761702732
TTF95수육국밥,서울특별시 동작구 흑석로13마길 65,음식,한식,해장국/감자탕,한식 음식점업,흑석동,126.958971159449,37.5073667525795
파리바게뜨상도역,서울특별시 동작구 양녕로 266,음식,제과제빵떡케익,제과점,제과점업,상도1동,126.94865506690701,37.5033918640014
코코스호프카,서울특별시 동작구 흑석로 24,음식,유흥주점,호프/맥주,기타 주점업,상도1동,126.95322661518499,37.5048471109003
설빙,서울특별시 동작구 상도로 346-2,음식,커피점/카페,커피전문점/카페/다방,비알콜 음료점업,상도1동,126.948353849608,37.4958383904729
용구비어,서울특별시 동작구 사당로 20,음식,유흥주점,호프/맥주,기타 주점업,상도1동,126.95669836926399,37.495128467544
필수,"서울특별시 동작구 현충로 102, (흑석동)",음식,한식,한식/백반/한정식,한식 음식점업,흑석동,126.96480524160101,37.5075261523505
직구삼,"서울특별시 동작구 상도로55길 1, (상도동)",음식,한식,기타고기요리,한식 음식점업,상도1동,126.95341217171499,37.4972258775655
몽실이네,"서울특별시 동작구 사당로 12-1, (상도동)",음식,유흥주점,호프/맥주,기타 주점업,상도1동,126.95580295343001,37.4952737347442
샤브애샐러드바,서울특별시 동작구 상도로66길 15,음식,별식/퓨전요리,샤브샤브전문,한식 음식점업,상도1동,126.954616294188,37.493596296353005
토마토김밥,서울특별시 동작구 상도로47다길 29,음식,분식,라면김밥분식,분식 및 김밥 전문점,상도1동,126.953002761972,37.501439161673396
쿠시야끼하루,"서울특별시 동작구 상도로58길 2, (상도동)",음식,일식/수산물,음식점-일식,일식 음식점업,상도1동,126.95320286998998,37.49601661605049
네마리무한리필,"서울특별시 동작구 서달로12나길 2, (흑석동)",음식,한식,기타고기요리,한식 음식점업,흑석동,126.963051462397,37.506753887928795
매머드커피중앙대점,"서울특별시 동작구 흑석로 101, (흑석동)",음식,커피점/카페,커피전문점/카페/다방,비알콜 음료점업,흑석동,126.960572075082,37.507741270769
스시원,"서울특별시 동작구 현충로 131, (흑석동)",음식,일식/수산물,음식점-초밥전문,일식 음식점업,흑석동,126.96815115602699,37.5068526098628
동네치킨,"서울특별시 동작구 상도로60길 9, (상도동)",음식,유흥주점,호프/맥주,기타 주점업,상도1동,126.954322687133,37.4943776117337
더마니치킨,"서울특별시 동작구 서달로15길 17, (흑석동)",음식,유흥주점,호프/맥주,기타 주점업,흑석동,126.962145149424,37.5084939632544
엠노래빠,"서울특별시 동작구 서달로14길 38, (흑석동)",음식,유흥주점,룸살롱/단란주점,일반유흥 주점업,흑석동,126.96485334016701,37.5073193325458
호식이두마리치킨흑석중앙대점,"서울특별시 동작구 서달로12가길 11, (흑석동)",음식,닭/오리요리,후라이드/양념치킨,치킨 전문점,흑석동,126.96271842069099,37.506300439143
더피자,서울특별시 동작구 강남초등길 5-1,음식,패스트푸드,피자전문,"피자, 햄버거, 샌드위치 및 유사 음식점업",상도1동,126.95218287971399,37.506694016935896
놀부중대부대찌개앤철판,서울특별시 동작구 흑석로 106-5,음식,한식,부대찌개/섞어찌개,한식 음식점업,흑석동,126.96144101918301,37.50788407149229
바보스,"서울특별시 동작구 상도로53길 8, (상도동)",음식,유흥주점,호프/맥주,기타 주점업,상도1동,126.953080714408,37.4982861793022
라붐카페,"서울특별시 동작구 상도로 364, (상도동)",음식,커피점/카페,커피전문점/카페/다방,비알콜 음료점업,상도1동,126.953358660307,37.4961982064681
꼬꾸이치킨,"서울특별시 동작구 상도로 346-1, (상도동, 엠코타운센트럴파크)",음식,유흥주점,호프/맥주,기타 주점업,상도1동,126.951654218237,37.4967777857703
가능프라자,"서울특별시 동작구 상도로47바길 48, (상도동, 브이업빌딩)",음식,커피점/카페,커피전문점/카페/다방,비알콜 음료점업,상도1동,126.95329473167801,37.5040187495807
빈티지뱅가드,"서울특별시 동작구 흑석로 120, (흑석동)",음식,한식,한식/백반/한정식,한식 음식점업,흑석동,126.96201450797899,37.5089433397183
파리바게트반포제일,서울특별시 동작구 서달로4길 24,음식,제과제빵떡케익,제과점,제과점업,흑석동,126.960882483901,37.5008509737652
바라던바,"서울특별시 동작구 서달로10길 12, (흑석동)",음식,양식,정통양식/경양식,서양식 음식점업,흑석동,126.961701975214,37.5061923933821
모코비,"서울특별시 동작구 서달로 150, (흑석동, 해가든)",음식,한식,한식/백반/한정식,한식 음식점업,흑석동,126.962171343589,37.5066019904172
황궁쟁반짜장,서울특별시 동작구 상도로50길 2-5,음식,중식,중국음식/중국집,중식 음식점업,상도1동,126.95093571737,37.4988258004786
라쿠미스시,"서울특별시 동작구 상도로 295, (상도1동)",음식,일식/수산물,음식점-초밥전문,일식 음식점업,상도1동,126.949530730403,37.501435368001204
토마토김밥,서울특별시 동작구 서달로14마길 9,음식,분식,라면김밥분식,분식 및 김밥 전문점,흑석동,126.96448088154699,37.5072620049389
짜장마루,서울특별시 동작구 상도로55길 47,음식,중식,중국음식/중국집,중식 음식점업,상도1동,126.95826977142201,37.4984221584066
청진동해장국,서울특별시 동작구 상도로 319,음식,한식,해장국/감자탕,한식 음식점업,상도1동,126.951059943776,37.4996468586299
커피하우스비,서울특별시 동작구 상도로 346-2,음식,커피점/카페,커피전문점/카페/다방,비알콜 음료점업,상도1동,126.948256063309,37.494747249621895
오오뎅뎅,서울특별시 동작구 상도로53길 8,음식,분식,라면김밥분식,분식 및 김밥 전문점,상도1동,126.954040114668,37.5008536590257
멘동,서울특별시 동작구 상도로61길 32,음식,유흥주점,빠/카페/스탠드빠,일반유흥 주점업,상도1동,126.95661267324499,37.494785311487895
랭스터디카페,"서울특별시 동작구 상도로 357, (상도동, 강남상가)",음식,커피점/카페,커피전문점/카페/다방,비알콜 음료점업,상도1동,126.95349547457,37.49692926908371
봉순네크리스피,"서울특별시 동작구 상도로47길 4, (상도동)",음식,유흥주점,호프/맥주,기타 주점업,상도1동,126.951434873169,37.499524040388714
원할머니,서울특별시 동작구 현충로 100-1,음식,한식,족발/보쌈전문,한식 음식점업,흑석동,126.96472458349899,37.507633571344
싸움의고수,"서울특별시 동작구 상도로63길 21, (상도동)",음식,한식,한식/백반/한정식,한식 음식점업,상도1동,126.956591312029,37.494695017763796
가마솥족발가족,"서울특별시 동작구 상도로38길 3-20, (상도1동)",음식,한식,족발/보쌈전문,한식 음식점업,상도1동,126.94838669584999,37.5015603460932
더카페,서울특별시 동작구 흑석로 93,음식,커피점/카페,커피전문점/카페/다방,비알콜 음료점업,흑석동,126.959796109016,37.5074190727333
응급실국물떡볶이,"서울특별시 동작구 상도로37길 64, (상도동)",음식,분식,떡볶이전문,분식 및 김밥 전문점,상도1동,126.952171176847,37.498629524375296
팩토리샐러브,"서울특별시 동작구 양녕로 253-10, (상도1동)",음식,양식,정통양식/경양식,서양식 음식점업,상도1동,126.947038443386,37.503341422392396
강서,서울특별시 동작구 사당로 18,음식,중식,중국음식/중국집,중식 음식점업,상도1동,126.95622233057699,37.4952053569305
오니기리와이규동,서울특별시 동작구 강남초등길 7,음식,한식,한식/백반/한정식,한식 음식점업,상도1동,126.95222975317199,37.506577296435104
한톨미소,서울특별시 동작구 상도로41가길 12,음식,양식,정통양식/경양식,서양식 음식점업,상도1동,126.950389698337,37.5030919231048
미스포,서울특별시 동작구 흑석로8길 7,음식,별식/퓨전요리,동남아음식전문점,기타 외국식 음식점업,흑석동,126.959646031795,37.5068230587121
시골농장우리보쌈엔밥상,서울특별시 동작구 상도로56길 2,음식,한식,족발/보쌈전문,한식 음식점업,상도1동,126.952824186902,37.496409721835214
청년다방,서울특별시 동작구 사당로 16,음식,커피점/카페,커피전문점/카페/다방,비알콜 음료점업,상도1동,126.956075083617,37.495222076823204
고씨네,서울특별시 동작구 흑석로 83-1,음식,일식/수산물,음식점-일식,일식 음식점업,흑석동,126.958791963546,37.5072390262868
스시톡톡,"서울특별시 동작구 흑석로 109, (흑석동)",음식,일식/수산물,음식점-초밥전문,일식 음식점업,흑석동,126.96107337689399,37.5082953209096
오딧세이,서울특별시 동작구 상도로58길 4,음식,유흥주점,호프/맥주,기타 주점업,상도1동,126.953023459232,37.495906900093395
육반연반,"서울특별시 동작구 서달로14길 24, (흑석동)",음식,한식,한식/백반/한정식,한식 음식점업,흑석동,126.964225604975,37.5077283123133
홍당무,"서울특별시 동작구 흑석로 84, (흑석동)",음식,분식,라면김밥분식,분식 및 김밥 전문점,흑석동,126.953838046904,37.5047984647821
왕돈까스왕냉면,"서울특별시 동작구 흑석로 94, (흑석동)",음식,양식,돈가스전문점,서양식 음식점업,흑석동,126.95996799772,37.507258397524
다락,"서울특별시 동작구 상도로41길 6, (상도1동)",음식,유흥주점,호프/맥주,기타 주점업,상도1동,126.94957444902398,37.5015438826554
쥬스식스,서울특별시 동작구 흑석로 88,음식,커피점/카페,커피전문점/카페/다방,비알콜 음료점업,흑석동,126.959337182524,37.5070726317804
카페작은도시,"서울특별시 동작구 서달로 151, (흑석동)",음식,한식,한식/백반/한정식,한식 음식점업,흑석동,126.96152160585,37.506965710029505
본죽,서울특별시 동작구 흑석로 93,음식,별식/퓨전요리,죽전문점,한식 음식점업,흑석동,126.959796109016,37.5074190727333
BBQ치킨,서울특별시 동작구 상도로61길 40,음식,닭/오리요리,후라이드/양념치킨,치킨 전문점,상도1동,126.95705566394399,37.4946450552017
BHC치킨,"서울특별시 동작구 사당로 28, (상도동)",음식,닭/오리요리,후라이드/양념치킨,치킨 전문점,상도1동,126.957436230114,37.494927740121
바로곁에,"서울특별시 동작구 현충로 96-1, (흑석동)",음식,양식,정통양식/경양식,서양식 음식점업,흑석동,126.964336582062,37.5078824637676
가춘,"서울특별시 동작구 상도로 357, (상도동, 강남상가)",음식,제과제빵떡케익,제과점,제과점업,상도1동,126.95349547457,37.49692926908371
간단하지만특별한화피디Cafe,"서울특별시 동작구 상도로 332, (상도동)",음식,커피점/카페,커피전문점/카페/다방,비알콜 음료점업,상도1동,126.951268183249,37.4985043747093
퀴즈노스,"서울특별시 동작구 흑석로 19, (상도1동)",음식,패스트푸드,샌드위치전문점,"피자, 햄버거, 샌드위치 및 유사 음식점업",상도1동,126.95287302109101,37.5050602285822
유유초밥,"서울특별시 동작구 서달로 151, (흑석동)",음식,일식/수산물,음식점-초밥전문,일식 음식점업,흑석동,126.96152160585,37.506965710029505
한솥도시락,서울특별시 동작구 흑석로 88,음식,패스트푸드,도시락전문점,한식 음식점업,흑석동,126.959337182524,37.5070726317804
한솥도시락,서울특별시 동작구 사당로 59,음식,패스트푸드,도시락전문점,한식 음식점업,상도1동,126.961428230176,37.4949268614591
라붐카페,서울특별시 동작구 흑석로 12,음식,커피점/카페,커피전문점/카페/다방,비알콜 음료점업,상도1동,126.952028886076,37.504764406879396
맥주나라,서울특별시 동작구 상도로47마길 35-1,음식,유흥주점,호프/맥주,기타 주점업,상도1동,126.950900801282,37.5013213969847
설빙,서울특별시 동작구 흑석로 101-10,음식,커피점/카페,커피전문점/카페/다방,비알콜 음료점업,흑석동,126.96083775320999,37.5081580908846
펍피맥,서울특별시 동작구 양녕로 265-1,음식,유흥주점,호프/맥주,기타 주점업,상도1동,126.94835497726999,37.5038216960261
생활맥주,"서울특별시 동작구 상도로37길 76, (상도동)",음식,유흥주점,호프/맥주,기타 주점업,상도1동,126.953101707273,37.497592557008794
배달삼겹직구삼,서울특별시 동작구 상도로60길 6,음식,한식,갈비/삼겹살,한식 음식점업,상도1동,126.954035984716,37.494663409708
부어치킨,"서울특별시 동작구 흑석로 23, (상도동)",음식,닭/오리요리,후라이드/양념치킨,치킨 전문점,상도1동,126.95329107194999,37.5050909652526
올바른갈비,서울특별시 동작구 양녕로 286-1,음식,한식,갈비/삼겹살,한식 음식점업,상도1동,126.950753385266,37.5045818845765
커피나무랩,서울특별시 동작구 상도로53길 65,음식,커피점/카페,커피전문점/카페/다방,비알콜 음료점업,상도1동,126.95379634446002,37.5029239135826
알로하치킨,"서울특별시 동작구 상도로37길 26, (상도1동)",음식,유흥주점,호프/맥주,기타 주점업,상도1동,126.94981482628201,37.5013387786819
1994ANNA,"서울특별시 동작구 서달로 151, (흑석동)",음식,한식,한식/백반/한정식,한식 음식점업,흑석동,126.96152160585,37.506965710029505
간단하지만특별한화피디Cafe,서울특별시 동작구 흑석로 8-1,음식,커피점/카페,커피전문점/카페/다방,비알콜 음료점업,상도1동,126.951622650424,37.5046977286716
부어치킨,서울특별시 동작구 현충로 100,음식,닭/오리요리,후라이드/양념치킨,치킨 전문점,흑석동,126.964587378582,37.5077404946117
소문난떡볶이,서울특별시 동작구 상도로60길 20,음식,분식,떡볶이전문,분식 및 김밥 전문점,상도1동,126.953386707101,37.4933781675726
아바디,"서울특별시 동작구 상도로60길 2, (상도동)",음식,한식,한식/백반/한정식,한식 음식점업,상도1동,126.954120412341,37.4950966613665
노가리빠,"서울특별시 동작구 상도로 317-1, (상도1동)",음식,유흥주점,호프/맥주,기타 주점업,상도1동,126.950945098668,37.4997719856917
맛구이촌,"서울특별시 동작구 흑석로8길 5, (흑석동)",음식,한식,기타고기요리,한식 음식점업,흑석동,126.959622288153,37.5069039439908
순수치킨,"서울특별시 동작구 상도로38가길 5, (상도1동)",음식,닭/오리요리,후라이드/양념치킨,치킨 전문점,상도1동,126.947582214291,37.502472251183
간단하지만특별한화피디Cafe,서울특별시 동작구 서달로 142,음식,커피점/카페,커피전문점/카페/다방,비알콜 음료점업,흑석동,126.961240675212,37.506017138236295
플라타너스,"서울특별시 동작구 흑석로 101-3, (흑석동)",음식,양식,바베큐전문,서양식 음식점업,흑석동,126.96067235983801,37.5078502790846
자갈치,"서울특별시 동작구 서달로14나길 20, (흑석동)",음식,한식,한식/백반/한정식,한식 음식점업,흑석동,126.96319050663901,37.5073317799694
커멍,"서울특별시 동작구 상도로 362-1, (상도동)",음식,커피점/카페,커피전문점/카페/다방,비알콜 음료점업,상도1동,126.953244830434,37.4962512608856
숭실대중문한솥도시락,"서울특별시 동작구 사당로 14, (상도동)",음식,패스트푸드,도시락전문점,한식 음식점업,상도1동,126.955939018568,37.4952479058628
간단하지만특별한화피디Cafe,서울특별시 동작구 상도로47길 13,음식,커피점/카페,커피전문점/카페/다방,비알콜 음료점업,상도1동,126.951541528788,37.4999845222717
러윗츠,"서울특별시 동작구 상도로41길 25, (상도1동)",음식,제과제빵떡케익,제과점,제과점업,상도1동,126.950503582281,37.5022279280467
간단하지만특별한화피디Cafe,서울특별시 동작구 서달로 151,음식,커피점/카페,커피전문점/카페/다방,비알콜 음료점업,흑석동,126.96152160585,37.506965710029505
광어이모,"서울특별시 동작구 상도로37길 54, (상도동)",음식,일식/수산물,횟집,한식 음식점업,상도1동,126.951619706527,37.4992463555917
돈꽃,"서울특별시 동작구 흑석로 124-1, (흑석동)",음식,유흥주점,룸살롱/단란주점,일반유흥 주점업,흑석동,126.96243270967899,37.5089650349997
리버풀펍,"서울특별시 동작구 흑석로 101-10, (흑석동)",음식,유흥주점,호프/맥주,기타 주점업,흑석동,126.96083775320999,37.5081580908846
스타동,"서울특별시 동작구 상도로41길 7, (상도1동)",음식,양식,정통양식/경양식,서양식 음식점업,상도1동,126.94950420073299,37.501714457259
커피나무,서울특별시 동작구 상도로53길 65,음식,커피점/카페,커피전문점/카페/다방,비알콜 음료점업,상도1동,126.95379634446002,37.5029239135826
재팔이네닭발,"서울특별시 동작구 서달로14길 34, (흑석동)",음식,닭/오리요리,닭내장/닭발요리,한식 음식점업,흑석동,126.964739003401,37.5074084354193
착한피자,"서울특별시 동작구 상도로 296-2, (상도1동)",음식,패스트푸드,피자전문,"피자, 햄버거, 샌드위치 및 유사 음식점업",상도1동,126.94893505254801,37.5011687650332
간단하지만특별한화피디Cafe,"서울특별시 동작구 흑석한강로 27, (흑석동, 흑석한강푸르지오)",음식,커피점/카페,커피전문점/카페/다방,비알콜 음료점업,흑석동,126.966187323429,37.504087236841706
상구다방,"서울특별시 동작구 상도로41길 50, (상도1동)",음식,커피점/카페,커피전문점/카페/다방,비알콜 음료점업,상도1동,126.951721618417,37.5024730163475
커피더캠프,서울특별시 동작구 현충로 90,음식,커피점/카페,커피전문점/카페/다방,비알콜 음료점업,흑석동,126.96355097948499,37.509073968185504
마카롱스퀘어,"서울특별시 동작구 상도로37길 80, (상도동)",음식,커피점/카페,커피전문점/카페/다방,비알콜 음료점업,상도1동,126.95331994969999,37.4973512074646
라화쿵부,"서울특별시 동작구 흑석로13마길 65, (흑석동)",음식,중식,중국음식/중국집,중식 음식점업,흑석동,126.958971159449,37.5073667525795
로드앤스토리,"서울특별시 동작구 현충로 158, (흑석동)",음식,커피점/카페,커피전문점/카페/다방,비알콜 음료점업,흑석동,126.970817051987,37.5054522091466
맥피스,"서울특별시 동작구 서달로14길 38, (흑석동)",음식,양식,정통양식/경양식,서양식 음식점업,흑석동,126.96485334016701,37.5073193325458
킴스페어,서울특별시 동작구 양녕로 270,음식,한식,한식/백반/한정식,한식 음식점업,상도1동,126.949160670883,37.503630635653
로드쉐프라이,"서울특별시 동작구 서달로12나길 2, (흑석동)",음식,분식,라면김밥분식,분식 및 김밥 전문점,흑석동,126.963051462397,37.506753887928795
브라운필투,"서울특별시 동작구 현충로 52, (흑석동)",음식,커피점/카페,커피전문점/카페/다방,비알콜 음료점업,흑석동,126.962140866087,37.5096202366396
형제상회,"서울특별시 동작구 상도로 283, (상도1동)",음식,한식,해장국/감자탕,한식 음식점업,상도1동,126.948670227049,37.502310740455606
또오리,"서울특별시 동작구 상도로58길 2, (상도동)",음식,한식,기타고기요리,한식 음식점업,상도1동,126.95320286998998,37.49601661605049
컵오브컴포트,"서울특별시 동작구 상도로 283-2, (상도1동)",음식,커피점/카페,커피전문점/카페/다방,비알콜 음료점업,상도1동,126.948817994653,37.5022579925931
너의화로,"서울특별시 동작구 상도로 290, (상도1동)",음식,일식/수산물,음식점-일식,일식 음식점업,상도1동,126.948588729671,37.501670270400794
쉐프의목장,"서울특별시 동작구 상도로 357, (상도동, 강남상가)",음식,한식,기타고기요리,한식 음식점업,상도1동,126.95349547457,37.49692926908371
푸라닭,"서울특별시 동작구 상도로 331, (상도동)",음식,닭/오리요리,후라이드/양념치킨,치킨 전문점,상도1동,126.951784189552,37.4988063009865
준호네돈가스,"서울특별시 동작구 흑석로 85-7, (흑석동)",음식,한식,갈비/삼겹살,한식 음식점업,흑석동,126.959274382582,37.5075226029129
뚜스뚜스,"서울특별시 동작구 현충로 75, (흑석동)",음식,한식,한식/백반/한정식,한식 음식점업,흑석동,126.96406050901699,37.5098533401248
투고,"서울특별시 동작구 흑석로13가길 43, (흑석동)",음식,한식,한식/백반/한정식,한식 음식점업,흑석동,126.95962634522499,37.5074265880931
호이차,"서울특별시 동작구 사당로 36, (상도동)",음식,커피점/카페,커피전문점/카페/다방,비알콜 음료점업,상도1동,126.958296215223,37.4948902741355
상도국수,"서울특별시 동작구 상도로37길 55, (상도동, 동원베스트타운)",음식,분식,국수/만두/칼국수,분식 및 김밥 전문점,상도1동,126.951878153163,37.4993657854476
명동국수,"서울특별시 동작구 상도로41길 12, (상도1동)",음식,한식,한식/백반/한정식,한식 음식점업,상도1동,126.949911175301,37.501727086303795
매머드커피,"서울특별시 동작구 양녕로 272, (상도1동)",음식,커피점/카페,커피전문점/카페/다방,비알콜 음료점업,상도1동,126.949272747175,37.503703716538894
호랑이술상안암,"서울특별시 동작구 상도로41길 7, (상도1동)",음식,유흥주점,호프/맥주,기타 주점업,상도1동,126.94950420073299,37.501714457259
노가리아라,"서울특별시 동작구 서달로14길 26, (흑석동)",음식,유흥주점,호프/맥주,기타 주점업,흑석동,126.964329255904,37.5075940637955
커피베이,"서울특별시 동작구 현충로 52, (흑석동)",음식,커피점/카페,커피전문점/카페/다방,비알콜 음료점업,흑석동,126.962140866087,37.5096202366396
나,"서울특별시 동작구 흑석로13가길 42, (흑석동)",음식,유흥주점,호프/맥주,기타 주점업,흑석동,126.95952281126002,37.5075518229776
골목안,"서울특별시 동작구 흑석로 111, (흑석동)",음식,한식,한식/백반/한정식,한식 음식점업,흑석동,126.961114618818,37.508584019278295
흑석제과,"서울특별시 동작구 서달로 162, (흑석동)",음식,제과제빵떡케익,제과점,제과점업,흑석동,126.96242829779499,37.507649464778
앳더블랑,"서울특별시 동작구 흑석로13가길 33, (흑석동)",음식,커피점/카페,커피전문점/카페/다방,비알콜 음료점업,흑석동,126.959983241472,37.507790150584796
